{
    "accuracy": 0.9427194709523047,
    "f1_score": 0.8343346002424837,
    "best_threshold": 0.38886553049087524,
    "best_threshold_accuracy": 0.9498459770331502,
    "best_threshold_f1": 0.8586730238298315,
    "roc_auc": 0.9770071878028813,
    "confusion_matrix": [
        [
            338625,
            2340
        ],
        [
            18956,
            64691
        ]
    ]
}